date,wrp,sarscov2,bcov_recovery,pmmov,flow
2020-10-21,Stickney,22084.65874258704,0.013941753581376571,185538332.2340372,688.0
2020-10-28,Stickney,73288.36785529622,0.0118790563673546,197710752.31885508,928.0
2020-11-04,Stickney,282023.96744179254,0.009666164720899057,247048361.29361024,531.0
2020-11-11,Stickney,88923.73960863546,0.009920210780282063,115658670.39415172,488.0
2020-11-18,Stickney,288676.597036392,0.03345232218681794,431716461.3866021,364.0
2020-11-24,Stickney,1140747.3879043537,0.03693441382303301,565512492.2890874,708.0
2020-12-02,Stickney,331924.42368908523,0.04294735896568966,1747679585.3406696,325.0
2020-12-09,Stickney,150281.80312266396,0.008487154791625358,168546345.46127915,392.0
2020-12-16,Stickney,565501.9570305381,0.0660592587702676,4361929947.574184,1056.0
2020-12-20,Stickney,84421.61108013231,0.013181588470674023,352467776.2770023,785.0
2020-12-22,Stickney,133216.64815646937,0.008881426469133613,123513291.84232569,429.0
2020-12-27,Stickney,837766.4447693801,0.10753803740744182,1109035707.743451,392.0
2020-12-29,Stickney,398837.78917475446,0.027157096333676183,1528502394.381736,510.0
2021-01-03,Stickney,136439.5504025058,0.024282710346934307,486975402.4861195,669.0
2021-01-05,Stickney,270636.7779948797,0.027342308345680202,922245811.6085151,510.0
2021-01-10,Stickney,565896.9513136831,0.12717304473143407,547305018.7936813,565.0
2021-01-12,Stickney,204150.83125815293,0.03262462576740746,325996672.8122292,584.0
2021-01-18,Stickney,853332.0682666625,0.052850247858250474,786959295.0086803,646.0
2021-01-19,Stickney,199590.465943616,0.025326180678293116,1124593753.0533547,476.0
2021-01-24,Stickney,313178.9395082917,0.07460228987254904,1744023982.8837252,391.0
2021-01-26,Stickney,259660.7107608617,0.0665086171047272,605719108.82152,411.0
2021-01-31,Stickney,359943.46899984987,0.096909475500362,783952316.861896,514.0
2021-02-02,Stickney,222707.44846037,0.07003741632357227,1058026531.254362,467.0
2021-02-07,Stickney,110981.01566259054,0.04686493750768734,1280144619.571551,495.0
2021-02-09,Stickney,12566.015122357614,0.013839761555275115,200641882.79126823,451.0
2021-02-15,Stickney,63571.961666224655,0.025033791180912264,569825002.7079188,517.0
2021-02-16,Stickney,94722.5706809454,0.023818529785700936,465244064.6290613,452.0
2021-02-21,Stickney,96222.71366048718,0.06559691821222614,1925060410.5590265,344.0
2021-02-23,Stickney,156720.037757206,0.02367216147491555,243789950.6668671,517.0
2021-02-28,Stickney,79369.81710761151,0.030053899260527293,330303380.9496381,1234.0
2021-03-02,Stickney,53831.165569930825,0.03870644047481325,357721348.56264365,927.0
2021-03-07,Stickney,22957.79515895212,0.036044014534856623,182215701.2547581,868.0
2021-03-09,Stickney,44783.62888734955,0.03758289709540361,872625623.5773863,1106.0
2021-03-14,Stickney,46262.793276092205,0.06049622100299251,2194692865.367495,451.0
2021-03-16,Stickney,68405.59866879752,0.05085925013205045,1909829950.830794,558.0
2021-03-21,Stickney,99789.25913550847,0.03905620872767527,527145257.4515533,776.0
2021-03-23,Stickney,69769.11513444297,0.027573832315878795,339319473.5323633,538.0
2021-03-28,Stickney,36164.47656546255,0.022908856677091326,342937742.8939906,584.0
2021-03-30,Stickney,127507.21923807508,0.030898502623755236,622811122.0082208,454.0
2021-04-04,Stickney,47733.75946233956,0.014820526398038662,401112327.13257545,581.0
2021-04-06,Stickney,45574.41470245906,0.013942553495717226,386157424.93050873,451.0
2021-04-11,Stickney,271550.56123649183,0.08354384526634319,1507909158.5457194,497.0
2021-04-13,Stickney,78049.58683193059,0.026424788325003397,1127241077.863405,389.0
2021-04-18,Stickney,173683.1925852401,0.07273218444007247,3108340126.754542,517.0
2021-04-20,Stickney,130792.60348369864,0.07658312064664793,3554177500.28644,454.0
2021-04-25,Stickney,215659.54207619088,0.059504020400091805,2412823348.7457647,388.0
2021-04-27,Stickney,104222.31218891652,0.02899160983286724,1854959436.826283,392.0
2021-05-02,Stickney,840744.5036192971,0.06611547291810259,5448512886.806192,492.0
2021-05-04,Stickney,151032.30249670942,0.03415450025020901,2762028585.513377,408.0
2021-05-09,Stickney,55799.60134741758,0.011538194000170532,354809212.5504117,994.0
2021-05-11,Stickney,37101.41997848774,0.023274792829562668,316060370.6449476,537.0
2021-05-18,Stickney,45008.278497825086,0.04012456163263814,996536702.494912,410.0
2021-05-23,Stickney,121535.20841353382,0.025718366554840603,784911617.8882344,496.0
2021-05-25,Stickney,125312.72720036792,0.042231182816138885,2005923827.8643837,432.0
2021-05-31,Stickney,25879.9803869267,0.029761659086926896,1444430869.3342242,495.0
2021-06-01,Stickney,30843.22556518532,0.02251778246403187,640379499.7395233,690.0
2021-06-06,Stickney,27870.7616770783,0.029134435921802745,1304164247.9995244,437.0
2021-06-08,Stickney,13449.08507603792,0.01935111224541103,764303375.4802663,344.0
2021-06-13,Stickney,103719.72336804624,0.03632317599866886,1960387977.8049932,629.0
2021-06-15,Stickney,23701.438580739174,0.007892452074762153,255270680.38110983,478.0
2021-06-20,Stickney,54909.30815514886,0.011010125675068571,197173006.1694858,650.0
2021-06-22,Stickney,4526.373915099848,0.015641985200810043,418785956.3629946,521.0
2021-06-27,Stickney,20803.58688931224,0.10973053788279553,984199719.3583716,1168.0
2021-06-29,Stickney,33.5,0.013208738747380848,112399410.51917332,1167.0
2021-07-05,Stickney,10545.757456139836,0.03218308982591748,425223245.0949803,956.0
2021-07-06,Stickney,27745.068734855373,0.050265819436008684,1254887057.106836,975.0
2021-07-11,Stickney,3681.560022062206,0.015259139917395801,122024786.80324268,1082.0
2021-07-13,Stickney,8508.48665046873,0.020795153634962975,370444896.4179335,627.0
2021-07-18,Stickney,69645.867331165,0.026950637480474392,751258818.2694474,580.0
2021-07-20,Stickney,13894.53407348466,0.010268624664685084,558071696.5376303,558.0
2021-07-25,Stickney,27330.18348777366,0.09630010417324895,838100485.3796679,970.0
2021-07-27,Stickney,38978.61545256831,0.07957570641647677,848323143.3824937,606.0
2021-08-01,Stickney,105887.5374108678,0.060868426769344876,1588237609.095717,390.0
2021-08-03,Stickney,71333.52316412597,0.04886648890741117,1294778112.0329683,452.0
2021-08-08,Stickney,176267.43349499264,0.045099848673688235,898397651.1772324,519.0
2021-08-10,Stickney,91228.3430243032,0.021310975612708918,570087526.9088191,765.0
2021-08-15,Stickney,131742.9435923745,0.07364683030909415,1088582696.614396,717.0
2021-08-17,Stickney,43738.18069745815,0.030936627403758854,729741135.4308877,408.0
2021-08-22,Stickney,216050.82077866024,0.05649317169540234,1756197656.6622078,645.0
2021-08-24,Stickney,141463.20701763776,0.03983931723844085,738852830.9318159,476.0
2021-08-29,Stickney,241850.9024476948,0.1373003226255687,1373657688.6922755,996.0
2021-08-31,Stickney,57156.59982534267,0.03667794661334025,801914532.3669186,755.0
2021-09-06,Stickney,203635.2176858233,0.06341866510578309,2402485017.6753745,497.0
2021-09-07,Stickney,34478.47645040437,0.03839449624311365,625902546.8231381,432.0
2021-09-12,Stickney,235168.79627944296,0.1033609149753245,1302995906.0779176,408.0
2021-09-14,Stickney,77975.46755556195,0.026586976758991798,493969354.4876955,388.0
2021-09-19,Stickney,115018.30757632098,0.11314741878891629,843023072.384861,451.0
2021-09-21,Stickney,40552.96534667416,0.030085225114540072,973154085.9849426,624.0
2021-09-26,Stickney,110467.5042686698,0.0876214813861588,822306650.2705125,519.0
2021-09-28,Stickney,186546.03434332536,0.06582591466001335,1931883443.408492,324.0
2021-10-03,Stickney,106543.7718999224,0.16215121928442877,1045338078.5150102,453.0
2021-10-05,Stickney,70798.30307370362,0.12510200186240605,1073535408.8123152,366.0
2021-10-10,Stickney,76196.62230609477,0.05433729586594365,515294464.3591571,842.0
2021-10-12,Stickney,27004.09733957674,0.025522684984092877,693257277.6791786,928.0
2021-10-17,Stickney,22954.824767789643,0.038671653735167885,120705929.32247618,721.0
2021-10-19,Stickney,97764.59533993152,0.11229996071703109,916101420.5001744,451.0
2021-10-24,Stickney,137271.21328053737,0.16015045221668792,1137674056.948914,766.0
2021-10-26,Stickney,31377.221330877102,0.04966878272934594,376914964.84896,1017.0
2021-10-31,Stickney,40246.72421897875,0.11566594700050098,280037734.8673199,1018.0
2021-11-02,Stickney,54156.888307828725,0.07331216270082588,385903436.8614345,1040.0
2021-11-07,Stickney,58704.94958093941,0.08490365077413276,193376878.82028636,911.0
2021-11-09,Stickney,101589.03985924672,0.08761980313189999,356853431.17307633,545.0
2021-11-14,Stickney,276958.4974326887,0.1284580927906977,1007295715.6531032,672.0
2021-11-16,Stickney,74594.61726843315,0.02654548095787214,448494957.8625495,374.0
2021-11-21,Stickney,958394.7594043064,0.2625863118354001,2533226856.0254807,452.0
2021-11-23,Stickney,140355.7572922244,0.03669512023219124,669701695.2082353,476.0
2021-11-28,Stickney,610545.4791957188,0.14476947304648147,2839715077.9181776,450.0
2021-11-30,Stickney,139905.98302422088,0.03344040755876678,903189902.5749054,388.0
2021-12-05,Stickney,533446.2985810328,0.09225661172508128,2783651936.105811,540.0
2021-12-07,Stickney,171004.49162586263,0.06712842067181513,763333863.6181072,540.0
2021-12-12,Stickney,658181.5611556203,0.06722117200419596,432122332.0847507,1056.0
2021-12-14,Stickney,970851.7593574064,0.06943026748344373,571079565.8222094,460.0
2021-12-19,Stickney,2120351.8299248205,0.15518367798978677,3777767516.657499,432.0
2021-12-21,Stickney,1807296.3825923011,0.11488276804937322,1494592595.5597076,388.0
2021-12-26,Stickney,2066098.625786124,0.06080006732555866,745742893.6393069,602.0
2021-12-28,Stickney,1103768.4847642917,0.05740247825074481,327922147.3304063,818.0
2020-10-21,Calumet,22271.39715884316,0.017757345535302883,155847297.0369299,140.0
2020-10-21,OBrien,78770.91740901883,0.043913631860679446,272819508.72583824,209.0
2020-10-21,Stickney SWS,40421.703639846106,0.01724679166754777,325184851.2135758,252.0
2020-10-21,Stickney WS,11630.053959534363,0.012057433224554976,105920859.87466228,442.0
2020-10-28,Calumet,80702.8190765703,0.030588822528648932,86964557.11115506,189.0
2020-10-28,OBrien,88467.70390943771,0.008966217770027374,62818286.1763292,183.0
2020-10-28,Stickney SWS,28658.940349612592,0.006685127274148253,120717084.90539391,509.0
2020-10-28,Stickney WS,126488.31773912052,0.018070414466750458,289490088.88431585,427.0
2020-11-04,Calumet,122126.72651045528,0.010741667199869607,188323046.88995647,124.0
2020-11-04,OBrien,1238255.7991098484,0.03799430561708582,619096587.1646168,163.0
2020-11-04,Stickney SWS,44537.737597969644,0.0012639364565071821,80298381.78176989,221.0
2020-11-04,Stickney WS,447069.4290628142,0.015505449143636808,362934353.3442917,318.0
2020-11-11,Calumet,161160.3123667862,0.020876423466983512,159904845.72540277,224.0
2020-11-11,OBrien,223327.23786767136,0.026756067051083788,185338549.68993607,178.0
2020-11-11,Stickney SWS,185678.15241354008,0.0183432128837051,163571321.95870227,217.0
2020-11-11,Stickney WS,13399.611627828635,0.003345421368617318,78259226.54700257,278.0
2020-11-18,Calumet,44292.76764217517,0.0004423447237776868,72790247.29291749,176.0
2020-11-18,OBrien,356152.1161455371,0.012298767699859606,201429932.8831456,150.0
2020-11-18,Stickney SWS,408056.7536614409,0.047433540514759565,602606599.4506633,245.0
2020-11-18,Stickney WS,54691.49005129603,0.00604913426405236,96771790.78104208,125.0
2020-11-24,Calumet,773473.5100433567,0.025735625211142605,572448134.5294478,194.0
2020-11-24,OBrien,2058459.7664735173,0.07928382420869613,935075083.4342842,268.0
2020-11-24,Stickney SWS,294329.91666027246,0.007469629654221775,187879176.51622856,348.0
2020-11-24,Stickney WS,1943344.8810731284,0.06487377319836356,923595309.4252044,367.0
2020-12-02,Calumet,321796.4432042542,0.026853887624841543,671875046.9844354,146.0
2020-12-02,OBrien,672475.3233829571,0.044110359553964744,1025394345.069546,152.0
2020-12-02,Stickney SWS,265019.84675652825,0.034738689280592705,1885049555.464096,186.0
2020-12-02,Stickney WS,416007.2028070284,0.05326366005641961,1575038947.21258,148.0
2020-12-09,Calumet,140088.4012662181,0.017985220053110824,226647766.1741577,138.0
2020-12-09,OBrien,475059.0262035506,0.03714782656277686,438402566.6065338,144.0
2020-12-09,Stickney SWS,76369.61662185141,0.004523199418352477,129375927.949334,221.0
2020-12-09,Stickney WS,241536.51383037103,0.01338120025248182,216907587.1939042,179.0
2020-12-16,Calumet,809501.6110760996,0.14457570948128143,2015230592.5424569,242.0
2020-12-16,Egan,566994.0533362447,0.05581338482433598,1231233583.228446,22.8
2020-12-16,Hanover,453454.1477071191,0.045754984842124063,960426893.1432517,8.2
2020-12-16,Kirie,636937.247476132,0.05646569829614467,1154877631.1209953,34.41
2020-12-16,Lemont,831315.9685234418,0.048105065175510525,977778339.5226876,2.34
2020-12-16,OBrien,1453563.3513282984,0.13487976185064968,1971161231.4643688,195.0
2020-12-16,Stickney SWS,344077.77098386444,0.01974753995692997,5726802645.796234,650.0
2020-12-16,Stickney WS,912310.9231277378,0.13859568582730245,2224177528.672179,415.0
2020-12-20,Calumet,217891.8803940494,0.03181707292765244,544876425.8140459,201.0
2020-12-20,Lemont,182888.2059169768,0.018637639975909417,453946636.9978905,2.26
2020-12-20,Stickney SWS,120151.16667017936,0.0184486669457308,521868302.32754624,521.0
2020-12-20,Stickney WS,16483.29552387496,0.003166450202409119,30359476.742938764,274.0
2020-12-22,Calumet,507989.1688516591,0.06013384088110496,422789993.8216583,212.0
2020-12-22,Egan,1482061.693601659,0.05411395844093638,432192949.8311558,20.5
2020-12-22,Hanover,578232.8161137538,0.03944352945767286,721141230.1840203,5.38
2020-12-22,Kirie,176943.58782868547,0.009580755825328484,80912336.14570458,25.12
2020-12-22,Lemont,414754.3340298584,0.04598386092194368,306039672.2705235,1.89
2020-12-22,OBrien,1653142.1795211455,0.0737800543099656,721145040.346031,153.0
2020-12-22,Stickney SWS,61827.90595094103,0.002980399663781034,58764932.294116944,222.0
2020-12-22,Stickney WS,206250.2922561343,0.014918421634056529,189753549.07597703,217.0
2020-12-27,Calumet,664311.370935756,0.14807190125677222,762437456.0753279,182.0
2020-12-27,Egan,1073218.1196180622,0.1304757598400639,1088500067.8039265,20.7
2020-12-27,Hanover,907257.1385746507,0.06433228561399301,1015131474.8539276,5.34
2020-12-27,Kirie,432473.9003384701,0.0646705717360012,641025781.576913,25.56
2020-12-27,Lemont,31500.898552648,0.002312753786573605,26185166.455095712,1.74
2020-12-27,OBrien,840290.3733509578,0.10581653561742874,677015721.4997522,143.0
2020-12-27,Stickney SWS,507467.045224252,0.07583751968304403,729520434.0962348,224.0
2020-12-27,Stickney WS,1255772.4645327062,0.14765620673097352,1589326223.545578,177.0
2020-12-29,Calumet,365604.6169247049,0.041176664768111916,379127148.96740514,180.0
2020-12-29,Egan,269011.5719148988,0.02977813031833569,505576677.4244992,19.8
2020-12-29,Hanover,545959.5617433706,0.04263832489265982,862041272.1610849,5.54
2020-12-29,Kirie,231058.75307137304,0.0249498460098072,372168367.0132663,23.99
2020-12-29,Lemont,206733.94972803528,0.029672659028814587,371496236.2460908,1.72
2020-12-29,OBrien,85417.93009621974,0.00941261676060148,97735360.55456044,148.0
2020-12-29,Stickney SWS,383823.74903169705,0.004559697907089656,2644440653.134939,223.0
2020-12-29,Stickney WS,410110.957362976,0.04792979840670369,690609358.348186,297.0
2021-01-03,Calumet,449706.342719093,0.07862286971056695,387945466.4651584,244.0
2021-01-03,Egan,687625.8492564793,0.048536816314334943,1140153318.750043,23.7
2021-01-03,Hanover,261132.9041399116,0.03599648617852106,786369663.9870068,8.15
2021-01-03,Kirie,363142.2824696766,0.038374434963883104,444513180.912237,39.15
2021-01-03,Lemont,15862.44084114114,0.0033344230754818053,25678804.33245012,2.69
2021-01-03,OBrien,509336.1111751287,0.0898581572330411,713047084.2739904,222.0
2021-01-03,Stickney SWS,173614.8768012891,0.028302893798545673,666201620.8440055,436.0
2021-01-03,Stickney WS,69738.14171991513,0.017069541684783862,165400788.47773156,243.0
2021-01-05,Calumet,346506.26857434143,0.04070741462728948,384966434.8708959,218.0
2021-01-05,Egan,1422339.785785115,0.04064196033328415,1711466386.029445,23.9
2021-01-05,Hanover,176742.24625232376,0.007899409905674724,728353959.1494586,6.62
2021-01-05,Kirie,178483.59254940617,0.02162322510928463,213451198.26446423,34.36
2021-01-05,Lemont,285362.6237936335,0.006092715238508646,185479000.9579113,2.41
2021-01-05,OBrien,1192634.544518095,0.07457011391106928,1243550630.9151597,160.0
2021-01-05,Stickney SWS,271906.0528035697,0.023151574159633054,1120223693.1229162,223.0
2021-01-05,Stickney WS,269683.75347522367,0.03048888653924423,773595752.4243016,297.0
2021-01-10,Calumet,1926494.9222427355,0.2714341692849833,554258590.0072148,205.0
2021-01-10,Egan,540145.756181004,0.09641278245913588,418037939.4973013,21.0
2021-01-10,Hanover,367671.5621048624,0.06357790904416204,175083729.07485002,6.4
2021-01-10,Kirie,171317.20108656102,0.05841013048884542,239032301.56967425,32.39
2021-01-10,Lemont,12130.099006583545,0.0025168828728806864,8791463.24013419,2.14
2021-01-10,OBrien,763013.7682499201,0.12261640201323007,457895033.58979297,169.0
2021-01-10,Stickney SWS,73557.23572023964,0.004756536418830744,233487385.9539961,220.0
2021-01-10,Stickney WS,871008.8877377887,0.2030367963617798,741783551.8210919,355.0
2021-01-12,Calumet,313100.90319844225,0.09516400184095779,408674302.60346335,191.0
2021-01-12,Egan,272629.77006057097,0.07240477026837834,608423574.3999449,21.8
2021-01-12,Hanover,710292.2790561279,0.14936405715929787,763271778.7569501,7.04
2021-01-12,Kirie,257797.67650419,0.03512500003991,273510111.67932326,28.62
2021-01-12,Lemont,144598.7318064643,0.03310081118867898,187947806.6855833,1.92
2021-01-12,OBrien,70033.37439658058,0.026154783518650512,132864883.7333051,168.0
2021-01-12,Stickney SWS,68696.45755639486,0.0033964658056349103,254199437.46644583,286.0
2021-01-12,Stickney WS,329522.8405743433,0.059677226897073964,392449777.3717569,309.0
2021-01-18,Calumet,106730.0533867535,0.016449649404953283,156473837.40718722,198.0
2021-01-18,Egan,389829.6125779786,0.033612652499460965,632990854.2009974,24.6
2021-01-18,Hanover,415938.0726578255,0.038540416457054597,543134628.8294294,7.7
2021-01-18,Kirie,160943.97331361016,0.030362520517952966,400017292.1965573,36.64
2021-01-18,Lemont,59748.86201432034,0.009294032985215972,80966700.41233373,2.43
2021-01-18,OBrien,14181.17037386038,0.0065062960928673605,81997707.83801284,188.0
2021-01-18,Stickney SWS,276191.11885757925,0.03859649202473273,640908945.4963112,204.0
2021-01-18,Stickney WS,1113811.6118052753,0.0592833588981567,852875824.4346168,452.0
2021-01-19,Calumet,228237.3183986165,0.02507447458069549,2071930132.4168944,192.0
2021-01-19,Egan,161703.99205677814,0.015764186843134072,645196238.7410942,24.7
2021-01-19,Hanover,1296716.1683620997,0.04739995044773795,1532988683.933437,6.78
2021-01-19,Kirie,743177.6332279327,0.025087788565708626,722602473.1039236,35.12
2021-01-19,Lemont,89449.39710752478,0.00984878639290633,328659486.90676814,2.38
2021-01-19,OBrien,106872.34117405188,0.014365659127970647,270671610.2121364,176.0
2021-01-19,Stickney SWS,240130.5943735333,0.020724601103259993,1797180377.9622667,204.0
2021-01-19,Stickney WS,170263.56452622905,0.02865498292406176,638041726.5235037,282.0
2021-01-24,Calumet,277762.7661290551,0.059010936862645254,505148128.99415,192.0
2021-01-24,Egan,155307.2667890573,0.03874860359639755,521737347.3525109,22.9
2021-01-24,Hanover,167125.41663062116,0.027420776850321155,1104570355.9584026,6.25
2021-01-24,Kirie,109198.97720463802,0.009422960121556195,61394916.34915421,29.46
2021-01-24,Lemont,41013.92429151011,0.006581989607866262,96751788.46845277,2.05
2021-01-24,OBrien,192590.8838908225,0.06434845380712512,724506277.1040733,155.0
2021-01-24,Stickney SWS,235434.13608877943,0.052790009041876355,1720741947.1400695,207.0
2021-01-24,Stickney WS,396133.44624973007,0.0978762183877513,1768866155.043193,194.0
2021-01-26,Calumet,271999.6901436669,0.08295252583169954,376097581.4010309,175.0
2021-01-26,Egan,187120.56975608435,0.040961543544407585,323150549.6964598,20.6
2021-01-26,Hanover,139667.9144260195,0.019267848406923128,149893349.20141354,5.92
2021-01-26,Kirie,136170.8575028721,0.029628827571795233,210976247.1236144,28.25
2021-01-26,Lemont,15187.07406815302,0.0030349368456438867,20321981.90870085,1.99
2021-01-26,OBrien,191300.99234832072,0.05495868424211544,331066982.75350475,165.0
2021-01-26,Stickney SWS,198872.1107840935,0.033812259017216954,588963701.7429253,206.0
2021-01-26,Stickney WS,317904.67166883487,0.09783629043508586,621773126.7665921,215.0
2021-01-31,Calumet,276544.34323263605,0.04481303791322337,355638992.28794414,194.0
2021-01-31,Egan,204157.0496063424,0.03875894950143833,233575452.99490404,20.4
2021-01-31,Hanover,533668.1686641161,0.05088277138609923,290794450.4852071,5.66
2021-01-31,Kirie,142650.8758128998,0.01812795686513783,132832946.93494092,26.93
2021-01-31,Lemont,32003.29713775724,0.0012574694003586876,21168318.767148703,2.38
2021-01-31,OBrien,442882.8968654093,0.09989350040218983,540153379.3431889,174.0
2021-01-31,Stickney SWS,119179.56140033006,0.05008916367135808,522591213.2825561,204.0
2021-01-31,Stickney WS,513430.46009454376,0.12675742429135198,950570020.3937252,320.0
2021-02-02,Calumet,147430.26069516284,0.07221360904812808,799123833.8058603,186.0
2021-02-02,Egan,260127.11387834547,0.07633464820594488,1246529719.8907034,19.7
2021-02-02,Hanover,296304.710468839,0.04054082823132248,813893777.0517182,5.44
2021-02-02,Kirie,54598.26787682649,0.020568174750161414,241373478.72854635,28.07
2021-02-02,Lemont,11616.334983703522,0.005377742272477513,75105813.35400704,2.08
2021-02-02,OBrien,298199.9218006971,0.03505743662993906,420921363.1308394,179.0
2021-02-02,Stickney SWS,376724.54263641423,0.11497817436432563,1823882040.135846,204.0
2021-02-02,Stickney WS,107617.75171343583,0.03645531141399837,485738898.2440221,273.0
2021-02-07,Calumet,405093.0919908092,0.1330020861882695,2024250498.516992,184.0
2021-02-07,Egan,282411.48939914943,0.07475761463379624,2036413841.2946384,22.6
2021-02-07,Hanover,18242.21622980192,0.24344175082022418,1939929160.428896,5.96
2021-02-07,Kirie,212490.64963513965,0.07419964369210927,1536925048.468147,27.62
2021-02-07,Lemont,19627.911650302976,0.008761800735491177,429144442.6191425,2.17
2021-02-07,OBrien,172146.2773143156,0.03983037700207586,1720959021.4789217,164.0
2021-02-07,Stickney SWS,162879.3914093509,0.051981751772674244,1562498371.0938504,204.0
2021-02-07,Stickney WS,75923.83469458023,0.043408546414782284,1089415595.364435,302.0
2021-02-09,Calumet,23272.11033787665,0.012731661584920615,196664922.6236448,158.0
2021-02-09,Egan,42013.95020475882,0.017738675647770697,469371472.21814007,19.7
2021-02-09,Hanover,33.5,0.000985557497493949,67061608.82828392,5.48
2021-02-09,Kirie,33.5,0.006272436513146293,243000799.46368745,26.12
2021-02-09,Lemont,20627.9668903782,0.009777830208349134,255262843.6507641,2.05
2021-02-09,OBrien,25180.83134846006,0.008227878720555023,85177710.09619485,172.0
2021-02-09,Stickney SWS,8474.97681956311,0.0034593418941447746,56750713.15276542,205.0
2021-02-09,Stickney WS,15842.041888267278,0.022152206987039645,315867233.4783506,256.0
2021-02-15,Calumet,38401.94303223753,0.027102735456383104,320622065.8340483,159.0
2021-02-15,Egan,96937.7625214984,0.046821477890952874,1141551744.4922817,21.9
2021-02-15,Hanover,32252.414142728376,0.01819951868494666,335640724.9503783,5.38
2021-02-15,Kirie,62979.55041366735,0.01197880849667994,414982374.6725047,25.25
2021-02-15,Lemont,50716.89831958175,0.02012278171937199,235043842.1826856,2.02
2021-02-15,OBrien,33.5,0.009343419373190064,113608845.47528706,150.0
2021-02-15,Stickney SWS,45824.14900814954,0.04067375580019518,1052401549.6149032,205.0
2021-02-15,Stickney WS,74871.03494232838,0.015076670848760089,262594592.40999392,322.0
2021-02-16,Calumet,53969.07255745394,0.018781022405295052,523875325.0313917,139.0
2021-02-16,Egan,71595.5434587448,0.01963593091696006,307790372.8288292,20.4
2021-02-16,Hanover,72182.86756434572,0.015640913544628217,212074421.21267208,5.34
2021-02-16,Kirie,14331.807684332814,0.011551162668900439,50152710.21146166,25.12
2021-02-16,Lemont,20713.278236135902,0.008522576881384263,153692315.20740762,2.0
2021-02-16,OBrien,31724.68799389839,0.02110597398631593,75043686.84889166,153.0
2021-02-16,Stickney SWS,180681.85016667057,0.045860213965045284,1006786245.6979512,204.0
2021-02-16,Stickney WS,26754.76829688366,0.006390221364824019,37047921.45831108,258.0
2021-02-21,Calumet,25863.366980057952,0.03566681756644292,515474681.8220165,224.0
2021-02-21,Egan,436362.4649657744,0.09517118511735509,2065252269.87814,18.7
2021-02-21,Hanover,744843.4445982263,0.06245601952325235,2072188772.5992088,5.42
2021-02-21,Kirie,30818.294205363603,0.03885179042516417,1084219628.189393,26.59
2021-02-21,Lemont,331594.59193044965,0.05212745027733738,1074159409.117443,2.08
2021-02-21,OBrien,154697.99944553495,0.05508637547601842,1689945954.3326178,166.0
2021-02-21,Stickney SWS,126430.26203566745,0.07104074812337464,1795610760.6734016,204.0
2021-02-21,Stickney WS,55140.44787024202,0.058193309533064196,2101111934.403476,150.0
2021-02-23,Calumet,113796.24977683688,0.022960799807987452,185855449.35773343,248.0
2021-02-23,Egan,115239.90333931091,0.02041983847253477,187818385.91484004,25.7
2021-02-23,Hanover,281523.4812556738,0.04016136527106749,338373899.0213553,9.14
2021-02-23,Kirie,89248.69168518315,0.02119791969564628,137252951.3822208,37.84
2021-02-23,Lemont,4655.588747198174,0.014406405616785802,72023790.06103592,3.32
2021-02-23,OBrien,232137.29607748447,0.03262125633315847,218416981.555666,312.0
2021-02-23,Stickney SWS,126978.67155164262,0.00930854038060564,139734000.94544315,203.0
2021-02-23,Stickney WS,175470.02949549598,0.0327274878169805,309390440.7086344,322.0
2021-02-28,Calumet,157542.60879093205,0.06779828542138588,631074904.9274802,401.0
2021-02-28,Egan,18607.10424070353,0.02409225400329659,317525855.7835153,47.9
2021-02-28,Hanover,151297.44174774774,0.05389120827564538,1025256880.8010124,13.26
2021-02-28,Kirie,46391.08864233144,0.06549155188514212,410986066.59011066,86.43
2021-02-28,Lemont,35755.844545377644,0.05399683907651125,292836373.65022725,4.13
2021-02-28,OBrien,115840.87905722429,0.10287914228148785,520972951.1060393,385.0
2021-02-28,Stickney SWS,116340.47140390216,0.013175919850679611,185633657.06837305,665.0
2021-02-28,Stickney WS,36981.049681692064,0.04940537565285264,496174702.2962611,580.0
2021-03-02,Calumet,29605.781520409364,0.11180100818093182,629004798.3901756,369.0
2021-03-02,Egan,33.5,0.006535133266561126,150651882.7018235,30.5
2021-03-02,Hanover,50271.22096483545,0.019311336954274987,351941644.9786822,12.74
2021-03-02,Kirie,12125.839653123268,0.01190826252418674,223224204.97663963,51.6
2021-03-02,Lemont,33594.9055725318,0.049761285785857645,311342231.8267821,4.2
2021-03-02,OBrien,61578.06229829305,0.051069162897894614,586312218.1437906,296.0
2021-03-02,Stickney SWS,17063.33159834576,0.00867079983706245,112962418.63863398,358.0
2021-03-02,Stickney WS,76525.79412480575,0.0572456807305284,508796688.0674634,580.0
2021-03-07,Calumet,114326.59156351084,0.08593443094628951,317375532.09962285,350.0
2021-03-07,OBrien,70940.40010711963,0.036460025623046295,253827345.70076644,204.0
2021-03-07,Stickney SWS,27627.3323630893,0.032470338890253025,184014477.6235836,468.0
2021-03-07,Stickney WS,17601.5613071477,0.040143230715431334,180152398.9493405,408.0
2021-03-09,Calumet,68226.96074106148,0.051886932333451874,648974086.5217348,380.0
2021-03-09,OBrien,81198.949276193,0.02455922960923768,843498590.9403393,244.0
2021-03-09,Stickney SWS,34415.14250385277,0.040161887071270504,788877953.4667852,665.0
2021-03-09,Stickney WS,60038.14978342335,0.0337885866220596,995838456.815328,452.0
2021-03-14,Calumet,56076.78367377476,0.028712942986577533,1201201308.932429,259.0
2021-03-16,Calumet,67918.88561592587,0.032738362904520917,1111786697.716485,208.0
2021-03-14,OBrien,50113.7474685747,0.03533406846940616,1046223421.4246374,175.0
2021-03-16,OBrien,82209.13394688223,0.03141477791707779,1383321434.3031456,254.0
2021-03-14,Stickney SWS,37730.92573117632,0.03526780482201759,2308369547.386424,205.0
2021-03-16,Stickney SWS,26896.78849446972,0.014234753819738623,682530567.7715291,204.0
2021-03-14,Stickney WS,53068.36855511071,0.08062005492166899,2104016912.7843027,257.0
2021-03-16,Stickney WS,91668.77799726694,0.07138506674664279,2597657077.600272,364.0
2021-03-21,Calumet,197206.70039339576,0.05548647197590696,486941461.0059609,250.0
2021-03-23,Calumet,5024.935228978649,0.0011444931957309238,20003398.343376394,214.0
2021-03-21,OBrien,62902.63091908936,0.029115816003493954,371814346.213465,205.0
2021-03-23,OBrien,32351.08813193032,0.003972545656949639,70192679.66164254,244.0
2021-03-21,Stickney SWS,48618.22408309998,0.017946405499553904,452915286.9110578,399.0
2021-03-23,Stickney SWS,17951.541272247287,0.015684219404358147,221331807.0686007,203.0
2021-03-21,Stickney WS,152546.992949232,0.06082057949775388,603676932.5049325,387.0
2021-03-23,Stickney WS,100347.50901242472,0.03459008644680523,408945916.24208367,344.0
2021-03-28,Calumet,18694.04486381439,0.04088270287697454,296042190.72220707,235.0
2021-03-30,Calumet,45956.66442620711,0.01328659469841854,228782561.0382868,169.0
2021-03-28,OBrien,25472.85693246493,0.009997732290272147,81597404.0952779,184.0
2021-03-30,OBrien,175414.2936978282,0.05314065419534434,835665894.8071505,188.0
2021-03-28,Stickney SWS,77884.39027167237,0.04522713316910939,801395948.162642,203.0
2021-03-30,Stickney SWS,256624.886832903,0.05579311867386424,1148115356.4396644,204.0
2021-03-28,Stickney WS,14448.72661069181,0.011291907631246037,104304369.38235924,390.0
2021-03-30,Stickney WS,26199.510817517785,0.011365803876746634,210649338.06970343,260.0
2021-04-04,Calumet,66772.6160855506,0.01144738423881631,370792993.01046944,218.0
2021-04-06,Calumet,133196.5165348021,0.019338285961224853,720361047.6376693,156.0
2021-04-04,OBrien,55632.1535482093,0.010527698096543763,294614067.52235097,157.0
2021-04-06,OBrien,52321.42028634149,0.003811764396827439,163323260.2961232,180.0
2021-04-04,Stickney SWS,52095.09001243543,0.027007124465214766,716327524.2173607,204.0
2021-04-06,Stickney SWS,37046.9980400234,0.016394885407460442,415933939.03985023,204.0
2021-04-04,Stickney WS,45428.80756539769,0.008379940891033676,234521912.092948,386.0
2021-04-06,Stickney WS,52343.259057077245,0.011995955402349066,362521592.7192026,257.0
2021-04-11,Calumet,184024.69813858005,0.06486707069789202,851071324.3616235,242.0
2021-04-13,Calumet,75201.11534193542,0.015788080662146535,576348642.1005161,180.0
2021-04-11,OBrien,22091.21784115799,0.00638451495743783,94270207.7568659,203.0
2021-04-13,OBrien,24808.82588573,0.03115315651761252,682848884.9249014,190.0
2021-04-11,Stickney SWS,143494.37002575968,0.061766442475089924,1492202981.5213432,204.0
2021-04-13,Stickney SWS,73843.61346104642,0.023812413517555538,1274208252.8404417,205.0
2021-04-11,Stickney WS,357766.61076450953,0.09820585902679095,1518483614.364111,303.0
2021-04-13,Stickney WS,82494.04322899893,0.029185287477203458,971940712.5526187,194.0
2021-04-18,Calumet,88022.96183911161,0.02414902189396632,693891966.1111757,200.0
2021-04-20,Calumet,68497.05150687312,0.07071235104830784,2870997846.0108767,174.0
2021-04-18,OBrien,105731.46532582112,0.06970871900280634,2969668395.211342,169.0
2021-04-20,OBrien,27371.78571687282,0.015958941207594494,519236575.9240574,172.0
2021-04-18,Stickney SWS,91475.22850834516,0.05757512121377921,2071826138.058136,330.0
2021-04-20,Stickney SWS,141684.01271884696,0.06378566155249189,3610499500.986162,269.0
2021-04-18,Stickney WS,313521.48199439124,0.0985148177631486,4871482478.6608,194.0
2021-04-20,Stickney WS,115768.0440772633,0.0942370513970478,3476482022.398105,195.0
2021-04-25,Calumet,247928.14965890133,0.03990080639186204,1645189692.9133134,202.0
2021-04-27,Calumet,318997.9285539546,0.06223717432291301,1947095318.732908,190.0
2021-04-25,OBrien,233660.4821836916,0.042226273685392286,1185649880.6953616,166.0
2021-04-27,OBrien,157676.75758107295,0.03998618864983949,1984864838.055055,175.0
2021-04-25,Stickney SWS,294057.90515391954,0.08174858438374512,3147138224.1365504,203.0
2021-04-27,Stickney SWS,53305.90136015027,0.020541767546986053,1220606263.0501788,210.0
2021-04-25,Stickney WS,133624.1415360933,0.03622749210791852,1644442319.3420043,194.0
2021-04-27,Stickney WS,160203.70629384278,0.03828201234613973,2552415805.8994865,191.0
2021-05-02,Calumet,161411.76635687184,0.04882254182645907,1461039144.6187592,168.0
2021-05-04,Calumet,107219.09531284086,0.04100145211571624,1531564837.135415,223.0
2021-05-02,OBrien,378540.372726001,0.07054577605732398,2589548151.975822,161.0
2021-05-04,OBrien,13642.717071230432,0.004953584446474238,233610010.2568322,167.0
2021-05-02,Stickney SWS,303282.0104153412,0.08739778018286072,7251649174.448317,200.0
2021-05-04,Stickney SWS,121621.8273156561,0.024325351135492158,2796149958.379664,202.0
2021-05-02,Stickney WS,1199052.8324219342,0.051927268074930505,4246422028.37811,300.0
2021-05-04,Stickney WS,178793.59215359154,0.04343248212484828,2729820560.658284,214.0
2021-05-09,Calumet,40698.88984238226,0.015496604239389833,325111839.51613885,407.0
2021-05-11,Calumet,66636.64925400203,0.03195380212794948,277123743.87652594,299.0
2021-05-09,OBrien,108121.28437685546,0.011701648462966693,285278513.7587469,183.0
2021-05-11,OBrien,86143.15996324971,0.04480530319019459,498625320.8763056,153.0
2021-05-09,Stickney SWS,26456.13440429319,0.0074627423371503325,304146632.086281,489.0
2021-05-11,Stickney SWS,35882.793266429006,0.032243186143731555,451262368.7390503,202.0
2021-05-18,Stickney SWS,34107.45608648083,0.03670073813008157,960638139.041436,206.0
2021-05-09,Stickney WS,83607.6543225878,0.015400395285474554,402820844.03676814,516.0
2021-05-11,Stickney WS,37817.00891987106,0.01800846884856815,236668499.67108497,344.0
2021-05-18,Stickney WS,55501.593529306,0.04342039173322998,1031093263.5762954,214.0
2021-05-16,Calumet,30708.360761219366,0.03962894126307378,626908358.7977678,244.0
2021-05-18,Calumet,55018.21464053862,0.027399214357508812,574454259.4622391,289.0
2021-05-16,OBrien,13350.887675640495,0.019296694570936235,307271845.38342667,135.0
2021-05-18,OBrien,19790.716290560074,0.013622154988026781,237479702.1378637,153.0
2021-05-23,Calumet,12713.827791528262,0.002404257573718967,99567018.91584072,207.0
2021-05-25,Calumet,8234.391310232917,0.005183552123557161,299921229.4443507,161.0
2021-05-23,OBrien,21492.53528882316,0.025426657846159835,675259007.6321229,162.0
2021-05-25,OBrien,13242.220184757349,0.013289784555315152,310096193.87343764,150.0
2021-05-23,Stickney SWS,69862.47377402369,0.03059489291573192,1139235028.1958003,205.0
2021-05-25,Stickney SWS,132655.9614523661,0.03576300351471501,1386922033.4223547,206.0
2021-05-23,Stickney WS,156611.0713310821,0.02240814170721571,544394071.1562773,302.0
2021-05-25,Stickney WS,118930.00038217542,0.04785331334817819,2543959142.864628,237.0
2021-05-31,Calumet,26732.4230415849,0.03534904633428589,1482577175.5332718,247.0
2021-06-01,Calumet,12635.55388420456,0.007091246690021925,373963538.4373825,194.0
2021-05-31,OBrien,18417.744196516487,0.02666393071902002,531347459.62076586,143.0
2021-06-01,OBrien,27186.663852136702,0.0612351918194909,2252352315.0575395,151.0
2021-05-31,Stickney SWS,34471.149907048515,0.02494622904637646,1510906887.3369076,334.0
2021-06-01,Stickney SWS,20762.38469708892,0.010304168801724956,207047623.38144165,528.0
2021-05-31,Stickney WS,9197.127946690163,0.03911255230520509,1315343718.096455,172.0
2021-06-01,Stickney WS,61610.18497764135,0.059794013757084194,1962918405.618524,173.0
2021-06-06,Calumet,33.5,0.004323303829987336,187557829.7339989,154.0
2021-06-06,OBrien,29631.317557960858,0.05442823855849654,2002380305.0704408,144.0
2021-06-06,Stickney SWS,39675.61176781965,0.023952814223694798,1028382474.6062407,276.0
2021-06-06,Stickney WS,8928.09525240032,0.03744913120481318,1746697791.351537,172.0
2021-06-08,Calumet,11033.786390674795,0.014702533510467807,690589290.0378948,209.0
2021-06-22,Calumet,50674.09817266688,0.029931802484758914,185149653.3128824,239.0
2021-06-08,OBrien,23746.01181819934,0.012890801604521336,371760572.4004676,160.0
2021-06-08,Stickney SWS,12291.14923803216,0.020119706858671385,804239999.1882967,227.0
2021-06-08,Stickney WS,15502.61191375126,0.017988057735957106,693478269.3730565,128.0
2021-06-13,OBrien,33.5,0.004238172107570628,117702257.89556384,171.0
2021-06-15,OBrien,33.5,0.006265679977488075,152604404.3800201,174.0
2021-06-13,Stickney SWS,148927.65613646165,0.05192045761387198,2877577310.8240337,383.0
2021-06-15,Stickney SWS,24852.896355222587,0.010596173642723479,289086194.7684246,275.0
2021-06-13,Stickney WS,36347.59009838437,0.013078978105194962,593526053.5003533,257.0
2021-06-15,Stickney WS,22221.76153408993,0.004418043517802503,211816164.22918665,214.0
2021-06-20,OBrien,33.5,0.004692947080881201,55122979.91823716,202.0
2021-06-22,OBrien,32547.101326759148,0.02180136172529067,202115012.56102765,217.0
2021-06-20,Stickney SWS,67445.97073800642,0.008207755119723562,149854449.1176932,447.0
2021-06-22,Stickney SWS,33.5,0.013778012122283792,231736827.6638872,424.0
2021-06-20,Stickney WS,28722.9148161894,0.01686367538646679,296011300.572062,214.0
2021-06-22,Stickney WS,22033.99108303912,0.0229598054350242,1153126980.1446755,108.0
2021-06-27,Calumet,33.5,0.06993037554335584,592629081.5151522,391.0
2021-06-27,Calumet,33.5,0.07065647639238716,893180901.2755951,391.0
2021-06-29,Calumet,33.5,0.02692179826973621,236197397.4554783,443.0
2021-06-27,OBrien,33.5,0.10151503093513038,584732931.0153283,340.0
2021-06-27,OBrien,33.5,0.0615007128002187,287951478.2942851,340.0
2021-06-29,OBrien,33.5,0.01754666909902043,82508723.97647263,328.0
2021-06-27,Stickney SWS,24264.995431317617,0.1442742575997862,1403107612.9880228,727.0
2021-06-27,Stickney SWS,16776.177186162877,0.12925498393980664,1123669970.7170873,727.0
2021-06-29,Stickney SWS,33.5,0.015918356248018694,140936272.82179743,703.0
2021-06-27,Stickney WS,33.5,0.03177781261062328,275995513.5625982,452.0
2021-06-27,Stickney WS,42450.64753003007,0.10071964254058899,794304563.6352462,452.0
2021-06-29,Stickney WS,33.5,0.009607867097194822,74476132.2606766,529.0
2021-07-05,Calumet,33.5,0.01881759012532483,322449370.28290886,380.0
2021-07-06,Calumet,19049.78872265992,0.018207571276396724,651318075.443525,364.0
2021-07-05,OBrien,33.5,0.00598907836718962,203568116.6220261,205.0
2021-07-06,OBrien,24668.06664991294,0.030791986842760348,1230978279.5618062,208.0
2021-07-05,Stickney SWS,19023.04630071172,0.054196716785739604,679830856.1110479,534.0
2021-07-06,Stickney SWS,8776.927893681112,0.049503010183185245,1160863702.3920946,470.0
2021-07-05,Stickney WS,33.5,0.004971800945026248,110499948.1445635,432.0
2021-07-06,Stickney WS,45055.79921126683,0.05096197545314853,1340694778.885338,515.0
2021-07-11,Calumet,11216.17506767875,0.017426361509786496,74137025.42689413,333.0
2021-07-13,Calumet,17664.922185440373,0.03888584207820565,336971157.24223727,335.0
2021-07-11,OBrien,6176.85042143239,0.032837153138395886,554717444.7166944,224.0
2021-07-13,OBrien,24558.032211476257,0.008557300531356721,135639295.39030492,213.0
2021-07-11,Stickney SWS,33.5,0.02000819772853295,134567590.3138848,664.0
2021-07-13,Stickney SWS,18419.44379639928,0.03451415509162434,714770860.1480657,293.0
2021-07-11,Stickney WS,9289.3712444933,0.00789144275245406,102565857.99233994,428.0
2021-07-13,Stickney WS,33.5,0.009110073905888033,77167258.70593143,344.0
2021-07-18,Calumet,77355.0117298567,0.020273424890856553,118869289.18606988,325.0
2021-07-20,Calumet,33.5,0.0025622676909657976,8711517.383886442,322.0
2021-07-18,OBrien,33825.80593864732,0.016842779807590545,293558839.68104225,202.0
2021-07-20,OBrien,10880.22666577383,0.0036920800768571087,25606557.971263643,189.0
2021-07-18,Stickney SWS,51947.78396383544,0.03641095104008519,1298297388.9766762,205.0
2021-07-20,Stickney SWS,33.5,0.006646368562569753,451191442.9908288,268.0
2021-07-18,Stickney WS,79045.10849775195,0.021926377688453114,460733152.4793389,386.0
2021-07-20,Stickney WS,26247.232551679765,0.013504506782574777,653551389.7061063,300.0
2021-07-25,Calumet,29199.43428829278,0.0781625494811498,516072839.50997,324.0
2021-07-27,Calumet,26158.70813458796,0.07448177000701924,367845327.6985439,288.0
2021-07-25,OBrien,35072.77667781651,0.03249923987044622,164406347.38781446,220.0
2021-07-27,OBrien,9420.633885231082,0.032393428600068906,191110964.6713216,201.0
2021-07-25,Stickney SWS,14300.6414708475,0.09973614993244044,875809879.9612782,397.0
2021-07-27,Stickney SWS,28700.493689947067,0.09225602468553791,1130509992.5820403,273.0
2021-07-25,Stickney WS,36218.03259553944,0.09395627227221973,812377754.0241706,582.0
2021-07-27,Stickney WS,47135.380688602025,0.06951254685992532,624378347.3607606,344.0
2021-08-01,Calumet,28202.361004171464,0.017280914505046104,317597373.6187837,297.0
2021-08-03,Calumet,35105.638970546395,0.017128996506978415,87726414.82962407,290.0
2021-08-01,OBrien,65031.91572878309,0.013316912799514352,586827063.1637423,177.0
2021-08-03,OBrien,11523.356703083424,0.010163508593272086,109529607.80745892,182.0
2021-08-01,Stickney SWS,158123.43908057926,0.0923850539295427,2120671196.6760075,202.0
2021-08-03,Stickney SWS,140260.99399975513,0.09473258931183408,2681629223.0336366,202.0
2021-08-01,Stickney WS,51776.5008094231,0.02822043350596047,1036691020.935621,195.0
2021-08-03,Stickney WS,17367.05375018376,0.012955821148909497,208948947.60608843,258.0
2021-08-08,Calumet,56851.21235510136,0.03765893670773876,349016579.53867304,212.0
2021-08-10,Calumet,12617.138152245636,0.005080820775357824,52741913.95565982,259.0
2021-08-08,OBrien,83859.98107427795,0.01813243244200056,208645986.2833377,188.0
2021-08-10,OBrien,18611.54674784177,0.007909356915546078,163080098.34464335,290.0
2021-08-08,Stickney SWS,180732.4558550109,0.054165642451122174,998446315.7628424,266.0
2021-08-10,Stickney SWS,136116.85598754036,0.03308576242249829,906000688.6927624,423.0
2021-08-08,Stickney WS,171681.7348549739,0.03578903344281014,795644968.6298491,259.0
2021-08-10,Stickney WS,37131.929966043,0.007120847918860179,165269101.16919503,351.0
2021-08-15,OBrien,46095.1070676589,0.013059636730907763,180215469.10631028,179.0
2021-08-15,Stickney SWS,107651.25407029437,0.09178428696753757,1183823654.305282,380.0
2021-08-15,Stickney WS,158278.71755872364,0.053669341815736175,983679612.7809564,345.0
2021-08-17,Calumet,36213.01153043074,0.02840746803730222,217897287.98996857,289.0
2021-08-17,OBrien,39126.45478731616,0.012344346965113958,178937686.97025913,180.0
2021-08-17,Stickney SWS,17237.70594207052,0.024275587034961455,681369923.8911302,203.0
2021-08-17,Stickney WS,68994.5017084614,0.037284942872612734,775841398.072065,213.0
2021-08-22,Calumet,79248.47646504537,0.04682730082456785,245804833.2669817,298.0
2021-08-24,Calumet,62433.62347216456,0.04368518640983737,232664619.0735276,306.0
2021-08-22,OBrien,7768.592190723891,0.03939853096640843,254757588.58808565,176.0
2021-08-24,OBrien,181257.76527666725,0.028985849963495063,286702090.5762272,240.0
2021-08-22,Stickney SWS,115108.0336771099,0.06215457698027,636914670.3127767,266.0
2021-08-24,Stickney SWS,72148.41211182026,0.03300653673386774,487289872.5351721,355.0
2021-08-22,Stickney WS,285612.4305429411,0.05259178877888731,2527517020.312334,386.0
2021-08-24,Stickney WS,332213.22400651535,0.058642705448700164,1431138491.6357584,129.0
2021-08-29,Calumet,103540.6753560698,0.07344426512818651,424389629.6492643,315.0
2021-08-31,Calumet,91150.01072980714,0.06385831592708985,614576294.966139,187.0
2021-08-29,OBrien,124976.13710233787,0.14772470731700996,1099034239.1385205,233.0
2021-08-31,OBrien,107184.4480621206,0.06666223522024703,799530321.3318927,201.0
2021-08-29,Stickney SWS,212830.7910351582,0.12300040679481256,1077830508.9855015,530.0
2021-08-31,Stickney SWS,88356.97746400462,0.05283992183183465,1250068144.961573,420.0
2021-08-29,Stickney WS,274437.04449990747,0.1533574315033245,1705836513.3630176,472.0
2021-08-31,Stickney WS,18952.055778001515,0.01688777287640834,253155006.7408112,343.0
2021-09-06,Calumet,70850.30982037356,0.020784406252000547,194403736.5358961,136.0
2021-09-07,Calumet,214300.0865340036,0.07243521566195045,1667392886.432359,126.0
2021-09-06,OBrien,48757.70026519877,0.014884986959485784,314117058.4672326,174.0
2021-09-07,OBrien,29029.92531210696,0.011217815126336897,210679112.02586573,208.0
2021-09-06,Stickney SWS,103658.15114303504,0.0704597803806319,1937593653.664716,330.0
2021-09-07,Stickney SWS,41450.34958529307,0.06577154762469563,791735618.6482282,200.0
2021-09-06,Stickney WS,394342.9168714888,0.04998763596878826,3289272012.609,173.0
2021-09-07,Stickney WS,28619.75953032984,0.015388570712372492,486547024.2810456,238.0
2021-09-12,Calumet,114781.179779844,0.043024569021184345,382317192.0516358,113.0
2021-09-14,Calumet,12578.568024416809,0.0012246457744878422,37205903.70780207,115.0
2021-09-12,OBrien,57228.92221020305,0.04281156119509818,323468916.93437225,171.0
2021-09-14,OBrien,123485.322737349,0.04632010908496667,668857368.6537482,168.0
2021-09-12,Stickney SWS,298661.0815503851,0.15947918987990972,1673166589.9722033,201.0
2021-09-14,Stickney SWS,93496.3636881422,0.04382047953975484,832891116.0728631,201.0
2021-09-12,Stickney WS,175533.51899224962,0.05065169415372806,955312226.3454342,214.0
2021-09-14,Stickney WS,61811.21821541359,0.008639131894052044,140999022.4741273,193.0
2021-09-19,Calumet,83954.51074377753,0.06301563721768194,241391174.13037857,112.0
2021-09-21,Calumet,63417.71226200233,0.06477378926628506,368913864.7265065,155.0
2021-09-19,OBrien,87340.26741924278,0.11231932277523726,684157526.2189378,168.0
2021-09-21,OBrien,44342.61444692849,0.059748195746549375,335389223.94174004,244.0
2021-09-19,Stickney SWS,72557.70207308714,0.004492153972578732,22893705.387787364,199.0
2021-09-21,Stickney SWS,56506.23475582262,0.011690678219810435,2135713209.976524,201.0
2021-09-19,Stickney WS,147768.92965052073,0.19695516180616898,1475603475.611286,258.0
2021-09-21,Stickney WS,33095.73941356057,0.038683606337425326,429725286.165622,430.0
2021-09-26,Calumet,141920.1932038791,0.0947239740069032,291869617.984264,185.0
2021-09-28,Calumet,290089.5276883986,0.16589447408484223,345927748.1591558,252.0
2021-09-26,OBrien,54282.40970849611,0.042462356696323145,235236097.810172,173.0
2021-09-28,OBrien,38694.4721619581,0.02462605490909101,146943693.85966647,174.0
2021-09-26,Stickney SWS,41223.53446582684,0.06871405988817059,473326786.46519566,394.0
2021-09-28,Stickney SWS,231069.7852247965,0.057314289852029035,2592383563.7413507,201.0
2021-09-26,Stickney WS,318727.9935993578,0.1444880773419402,1871910210.112458,131.0
2021-09-28,Stickney WS,117705.46567274304,0.07898619609389679,910648641.9707628,130.0
2021-10-03,Calumet,88668.56620575632,0.14026119067782034,763986918.2993436,217.0
2021-10-05,Calumet,46426.6264852402,0.06861997985196297,551488289.4839524,227.0
2021-10-03,OBrien,74840.31245338361,0.08530647024911348,479590227.5240703,184.0
2021-10-05,OBrien,34448.13189117946,0.03848502951843761,207824679.0664692,174.0
2021-10-03,Stickney SWS,132965.20874002067,0.2423167776868221,1507625500.1216571,269.0
2021-10-05,Stickney SWS,105165.36128321316,0.1893708919248476,1732562734.1414125,200.0
2021-10-03,Stickney WS,69718.03868755748,0.05041787622617065,401010014.2031553,193.0
2021-10-05,Stickney WS,30836.60748125064,0.050370734347939164,307224565.40638834,172.0
2021-10-10,Calumet,95310.57859278408,0.06664054476781416,1072460993.5488944,182.0
2021-10-12,Calumet,55522.236176154736,0.007081018528012193,298009346.9333044,252.0
2021-10-10,OBrien,81012.18141200999,0.0786898313163113,534354212.3974896,192.0
2021-10-12,OBrien,23962.481785090207,0.016561857967202536,66701614.81954555,316.0
2021-10-10,Stickney SWS,130447.3012394497,0.08413725707564054,812642840.6398956,399.0
2021-10-12,Stickney SWS,33083.25247069799,0.021514747625283877,851387271.812305,357.0
2021-10-10,Stickney WS,28307.195548553584,0.028031577895436872,252812158.7485053,452.0
2021-10-12,Stickney WS,23262.272543352112,0.02798963953080806,595925539.9110303,580.0
2021-10-17,Calumet,55498.8927138437,0.07062002789363069,330486541.3060525,239.0
2021-10-19,Calumet,42111.62237280242,0.030281408922611625,226086538.0388645,245.0
2021-10-17,OBrien,30080.01295798013,0.02952798309040025,74943688.47308609,205.0
2021-10-19,OBrien,13127.420319972363,0.011441198261585859,68199622.43248868,195.0
2021-10-17,Stickney SWS,27729.41834026061,0.05199662283150124,161886172.4423247,470.0
2021-10-19,Stickney SWS,149458.19772054482,0.1699657133664404,1055560399.0046242,204.0
2021-10-17,Stickney WS,14356.897644949198,0.014676498657479465,46549935.96489455,261.0
2021-10-19,Stickney WS,56731.541310184,0.06652636717430928,805402464.8001444,257.0
2021-10-24,Calumet,138878.4054939179,0.11985282335728605,942395105.6439244,239.0
2021-10-26,Calumet,15598.904288193462,0.01563171352965186,128947194.5145702,291.0
2021-10-24,OBrien,60458.87300469779,0.08445277965010348,354650828.9062497,273.0
2021-10-26,OBrien,52611.97780618188,0.038155331477361144,342134721.75308466,326.0
2021-10-24,Stickney SWS,213850.95121673984,0.2688218476048426,1888512471.0418456,422.0
2021-10-26,Stickney SWS,20580.6616787134,0.006121381714884942,224667282.28151387,442.0
2021-10-24,Stickney WS,58450.11716083635,0.048298430622050664,364859884.39472616,410.0
2021-10-26,Stickney WS,39562.60617865816,0.0826841365001723,492341166.7268522,583.0
2021-10-31,Calumet,20526.8296757092,0.03094642968532763,319268454.6027216,360.0
2021-11-02,Calumet,13815.88149388665,0.015214637674355463,96257013.481468,351.0
2021-10-31,OBrien,131044.41505851204,0.12666418673496307,496926342.4199683,246.0
2021-11-02,OBrien,47015.93244229332,0.012302296307963773,101406211.8452106,220.0
2021-10-31,Stickney SWS,42721.18787327502,0.16225278665051915,309815950.37288755,597.0
2021-11-02,Stickney SWS,48954.89795200405,0.09730920416284174,387802013.21854943,664.0
2021-10-31,Stickney WS,36819.21887880503,0.05113614822773809,238790415.47793743,431.0
2021-11-02,Stickney WS,63105.3898525634,0.03203227790606286,382637492.0398689,386.0
2021-11-07,Calumet,195704.32272621675,0.112618136778923,708541457.7266574,338.0
2021-11-09,Calumet,43472.92960394037,0.01594361808117905,127081477.05035722,248.0
2021-11-07,OBrien,57105.46735154785,0.0387409768088318,258528314.49861136,195.0
2021-11-09,OBrien,23644.974581079423,0.006470838175600041,37938867.92013798,177.0
2021-11-07,Stickney SWS,80550.91089756739,0.14857606693718126,277609912.9287547,469.0
2021-11-09,Stickney SWS,121055.64344476984,0.14424774947192504,393580948.82207584,274.0
2021-11-07,Stickney WS,36037.34812629666,0.018836475596102322,105975788.1192428,452.0
2021-11-09,Stickney WS,82539.57777912768,0.03220531278487547,320912931.7594125,280.0
2021-11-14,Calumet,152959.19818025013,0.08108538270844819,922306717.085552,336.0
2021-11-16,Calumet,36567.17991562553,0.011193479743614567,229840561.22357303,293.0
2021-11-14,OBrien,228738.929558095,0.08814309923766038,793404355.1147363,190.0
2021-11-16,OBrien,38410.335733511085,0.020658075820246535,247612107.10123423,175.0
2021-11-14,Stickney SWS,214018.7015894265,0.13364732392951342,815332392.2813886,273.0
2021-11-16,Stickney SWS,100936.41494601444,0.032498804222115756,557741872.1537355,252.0
2021-11-14,Stickney WS,319072.6255336951,0.12498588666104889,1135741762.909177,408.0
2021-11-16,Stickney WS,23921.84616346761,0.015093286586960766,238340588.38637465,131.0
2021-11-21,Calumet,335779.1024284348,0.14333139203150946,1040664224.173516,274.0
2021-11-23,Calumet,249617.5101620872,0.03947281620918615,1009402774.6111144,227.0
2021-11-21,OBrien,465959.4820845729,0.14531703763393103,1223879520.0176806,185.0
2021-11-23,OBrien,93227.53857982076,0.036328722423167946,388565486.5761113,181.0
2021-11-21,Stickney SWS,1409255.2726246607,0.32202814687215703,3323636712.0630336,203.0
2021-11-23,Stickney SWS,92745.8381345194,0.03650746476755228,473151136.2100485,355.0
2021-11-21,Stickney WS,603647.921482865,0.21581618581810671,1911315225.112212,258.0
2021-11-23,Stickney WS,271375.3022611025,0.03721153643332949,1210596644.3892922,129.0
2021-11-28,Calumet,859051.2982460302,0.18685639097020834,3790700313.862967,198.0
2021-11-30,Calumet,65057.53657869788,0.016396985218432705,448295729.8913376,199.0
2021-11-28,OBrien,386658.7846872821,0.0839966181717555,1788993860.8267558,167.0
2021-11-30,OBrien,84149.91625885587,0.015205813831098272,623594113.2665952,173.0
2021-11-28,Stickney SWS,246607.26698301264,0.05947542229081104,978481180.9165502,201.0
2021-11-30,Stickney SWS,144826.87174142306,0.036190584488337625,1219744809.267305,202.0
2021-11-28,Stickney WS,895181.9797978742,0.21147804970753106,4295388281.409723,257.0
2021-11-30,Stickney WS,134782.1710609485,0.030576821271275492,573581185.2972524,194.0
2021-12-05,Calumet,364540.0248004274,0.13751861207170324,1099063273.2762277,302.0
2021-12-07,Calumet,316159.8812095445,0.11016606748089465,679818733.5955968,225.0
2021-12-05,OBrien,872615.0374394465,0.09029055130869897,870746065.4768069,232.0
2021-12-07,OBrien,354046.54085457855,0.0993107341684289,867176443.9794555,175.0
2021-12-05,Stickney SWS,914034.7757272316,0.15622512040314826,2858148268.934175,269.0
2021-12-07,Stickney SWS,333665.2756882686,0.14264749022942524,1450707720.2677069,206.0
2021-12-05,Stickney WS,167809.51160843478,0.030801151602224047,2712082244.924276,280.0
2021-12-07,Stickney WS,73597.16163500324,0.021904791808827657,351708821.5546841,344.0
2021-12-12,Calumet,668062.1471365879,0.051116009675173865,288143618.17758244,189.0
2021-12-14,Calumet,1235847.2800361183,0.0880097934536654,376996580.7197026,189.0
2021-12-12,OBrien,491773.5501335244,0.10216543533711019,399746328.5828286,216.0
2021-12-14,OBrien,817909.2708204762,0.05611225573853552,388714613.363577,188.0
2021-12-12,Stickney SWS,511965.5024899856,0.06565326001433847,449706356.67710674,399.0
2021-12-14,Stickney SWS,1059222.9072175282,0.08888516843024338,685731750.1311786,276.0
2021-12-12,Stickney WS,745648.1389780913,0.06815909836694431,421603552.7558901,667.0
2021-12-14,Stickney WS,845127.8582780577,0.041752160981811205,407966148.9702737,194.0
2021-12-19,Calumet,737592.4149206292,0.05757750788350695,270462718.3307207,309.0
2021-12-21,Calumet,880084.4654388299,0.0941216227221959,458011779.20497626,212.0
2021-12-19,OBrien,1601964.0842575536,0.053558950167837106,1645834140.648111,180.0
2021-12-21,OBrien,1169360.6122040146,0.07216769477394352,1305444068.1808984,191.0
2021-12-19,Stickney SWS,1671719.775853339,0.2389043613822669,1399886520.2569506,204.0
2021-12-21,Stickney SWS,2653648.4733081907,0.1735006949356536,2066432441.7379155,204.0
2021-12-19,Stickney WS,2504893.590557519,0.0834230922248038,5815951227.857968,238.0
2021-12-21,Stickney WS,917317.895447758,0.05324329854008866,893276468.6506646,194.0
2021-12-26,Calumet,2372524.861568923,0.09290576576919929,413619747.7077361,210.0
2021-12-28,Calumet,1695216.56170102,0.07589742103680348,450418242.00763214,230.0
2021-12-26,OBrien,2268895.1537713776,0.06482332079245401,810567392.5754606,169.0
2021-12-28,OBrien,2750516.5324876555,0.08938963790954738,1015967176.0461532,327.0
2021-12-26,Stickney SWS,1595260.6446798178,0.08334826100566514,636843165.0880814,204.0
2021-12-28,Stickney SWS,1805166.732379145,0.1162371879326507,474292462.8960368,268.0
2021-12-26,Stickney WS,2301517.6163392765,0.049525970485505416,800192757.9149196,408.0
2021-12-28,Stickney WS,768099.3234057546,0.029245867188689836,257873496.3097117,560.0
